wallet,tx_count,total_volume_btc,avg_tx_value_btc,std_tx_value_btc,max_tx_value_btc,min_tx_value_btc,avg_fee_btc,avg_time_between_tx_sec,burstiness_tx_per_hour,avg_inputs,avg_outputs
0x388C818CA8B9251b393131C08a736A67ccB19297,200,1.4962207695949006,0.0074811038479745025,0.008405398366781294,0.08750907274784599,0.00271689907919017,5.068241321761549e-07,51.015075376884425,70,1.0,1.0
